Workbook

Sheet Обложка
B2: ЦЕЛИ 2026: ДОСТИЖЕНИЯ И РОСТ
B3: Иерархический трекер: Генеральные цели → Подзадачи → Исполнение
B7: КЛЮЧЕВЫЕ МЕТРИКИ
B8: Показатель | C8: Цель | D8: Дедлайн | E8: Статус
B9: Генеральных целей | C9: 6 | D9: 31.12.2026 | E9: В работе
B10: Всего подзадач | C10: 40+ | D10: 31.12.2026 | E10: По плану
B11: Срочных до 1 мая | C11: 5 подзадач | D11: 01.05.2026 | E11: 🔥 Горят
B12: Целевой доход | C12: 5 млн ₽/мес | D12: Ноябрь 2026 | E12: В процессе
B13: Стартовый вес | C13: 90 кг → целевой | D13: Декабрь 2026 | E13: Трекинг
B14: Книг прочитать | C14: 20 книг | D14: Декабрь 2026 | E14: 0/20
B15: Миллиардеров | C15: 10 человек | D15: Декабрь 2026 | E15: 0/10
B17: СТРУКТУРА ФАЙЛА
B19: 1. Обложка | C19: Титульная страница с навигацией
B20: 2. Дашборд | C20: KPI + прогресс-бары + графики
B21: 3. Генеральные цели | C21: 6 главных целей с авто-прогрессом
B22: 4. Подзадачи | C22: 36+ шагов с % и выпадающими списками
B23: 5. Расписание дня | C23: Распорядок на каждый день, 28.04 — 30.06
B24: 6. По месяцам | C24: Помесячный трекер KPI
B25: 7. Миллиардеры | C25: 10 целевых контактов
B26: 💡 Заполняй 'Подзадачи' — прогресс обновляется в 'Дашборд'. Расписание на 64 дня.

Sheet Дашборд
B2: ДАШБОРД: ИНФОГРАФИКА ВЫПОЛНЕНИЯ
B3: Обновляется при изменении прогресса в листе 'Подзадачи'
B5: ДЕНЬ | D5: НЕДЕЛЯ | F5: МЕСЯЦ | H5: КВАРТАЛ | J5: ГОД
B6: 3 | D6: 5 | F6: 7 | H6: 9 | J6: 11
B8: Срочных задач | D8: Активных целей | F8: Задач в работе | H8: Целей к сроку | J8: Всего целей
B10: ПРОГРЕСС-БАРЫ ПО ГЕНЕРАЛЬНЫМ ЦЕЛЯМ
B11: ID | C11: Генеральная цель | D11: Прогресс % | G11: Бегунок | K11: Визуализация
B12: 1 | C12: Финансовая независимость | D12: 20 | G12: =S42 -> Прогресс | K12: =S42 -> Прогресс | Q12: 20
B13: 2 | C13: Интеллектуальный рост | D13: 0 | G13: =S43 -> 20 | K13: =S43 -> 20 | Q13: 0
B14: 3 | C14: Творческая реализация | D14: 5 | G14: =S44 -> 0 | K14: =S44 -> 0 | Q14: 5
B15: 4 | C15: Сексуальное тело | D15: 0 | G15: =S45 -> 5 | K15: =S45 -> 5 | Q15: 0
B16: 5 | C16: Бизнес-присутствие | D16: 35 | G16: =S46 -> 0 | K16: =S46 -> 0 | Q16: 35
B17: 6 | C17: Нетворкинг элиты | D17: 0 | G17: =S47 -> 35 | K17: =S47 -> 35 | Q17: 0
B19: ОБЩИЙ ПРОГРЕСС ПО ВСЕМ ЦЕЛЯМ
B20: Среднее по 6 целям: | D20: =AVERAGE(S42:S47) -> 12 | F20: =AVERAGE(S42:S47) -> 12
B22: КЛЮЧЕВЫЕ ПОКАЗАТЕЛИ
B24: Книги прочитано | E24: 0 / 20 | G24: 0
B25: Нейронки изучено | E25: 0 / 8 | G25: 0
B26: Миллиардеров | E26: 0 / 10 | G26: 0
B27: Доход к цели | E27: 0 / 5000 | G27: 0
B28: Английский | E28: Старт / Разг. | G28: 5
Q42: ID | R42: Цель | S42: Прогресс | U42: Кат | V42: Знач | X42: Цель | Y42: Прогресс | AA42: Месяц | AB42: Доход
Q43: 1 | R43: Финансовая независимость | S43: 20 | U43: Финансы | V43: 3 | X43: Финансовая независимость | Y43: 20 | AA43: Апр | AB43: 0
Q44: 2 | R44: Интеллектуальный рост | S44: 0 | U44: Образование | V44: 3 | X44: Интеллектуальный рост | Y44: 0 | AA44: Май | AB44: 0
Q45: 3 | R45: Творческая реализация | S45: 5 | U45: Личное | V45: 1 | X45: Творческая реализация | Y45: 5 | AA45: Июн | AB45: 200
Q46: 4 | R46: Сексуальное тело | S46: 0 | U46: Бизнес | V46: 3 | X46: Сексуальное тело | Y46: 0 | AA46: Июл | AB46: 500
Q47: 5 | R47: Бизнес-присутствие | S47: 35 | U47: Творчество | V47: 1 | X47: Бизнес-присутствие | Y47: 35 | AA47: Авг | AB47: 1000
Q48: 6 | R48: Нетворкинг элиты | S48: 0 | U48: Нетворкинг | V48: 1 | X48: Нетворкинг элиты | Y48: 0 | AA48: Сен | AB48: 2000
AA49: Окт | AB49: 3500
AA50: Ноя | AB50: 5000
AA51: Дек | AB51: 5000

Sheet Генеральные цели
B2: ГЕНЕРАЛЬНЫЕ ЦЕЛИ 2026
B3: 6 стратегических направлений. Прогресс = среднее подзадач.
B5: ID | C5: Генеральная цель | D5: Дедлайн | E5: Статус | F5: Прогресс % | G5: Описание
B6: 1 | C6: Финансовая независимость | D6: Ноябрь 2026 | E6: В процессе | F6: =IFERROR(AVERAGEIF(Подзадачи!$B$6:$B$100,B6,Подзадачи!$F$6:$F$100),0) -> 23.333333 | G6: Доход 5 млн ₽/мес через абонентские контракты на управление проектами
B7: 2 | C7: Интеллектуальный рост | D7: 31.12.2026 | E7: В процессе | F7: =IFERROR(AVERAGEIF(Подзадачи!$B$6:$B$100,B7,Подзадачи!$F$6:$F$100),0) -> 0 | G7: 20 книг + 8 нейросетей + базовый разговорный английский
B8: 3 | C8: Творческая реализация | D8: 31.12.2026 | E8: В процессе | F8: =IFERROR(AVERAGEIF(Подзадачи!$B$6:$B$100,B8,Подзадачи!$F$6:$F$100),0) -> 5 | G8: Написать и издать книгу + письмо Президенту
B9: 4 | C9: Сексуальное тело | D9: 31.12.2026 | E9: В процессе | F9: =IFERROR(AVERAGEIF(Подзадачи!$B$6:$B$100,B9,Подзадачи!$F$6:$F$100),0) -> 0 | G9: С 90 кг: ходьба → бег → домашние тренировки → зал + белковое питание
B10: 5 | C10: Бизнес-присутствие | D10: 10.05.2026 | E10: В работе | F10: =IFERROR(AVERAGEIF(Подзадачи!$B$6:$B$100,B10,Подзадачи!$F$6:$F$100),0) -> 17.5 | G10: Сайт Сергею до 1 мая + свой сайт до 10 мая + SEO
B11: 6 | C11: Нетворкинг элиты | D11: 31.12.2026 | E11: В процессе | F11: =IFERROR(AVERAGEIF(Подзадачи!$B$6:$B$100,B11,Подзадачи!$F$6:$F$100),0) -> 0 | G11: Установить личный контакт с 10 миллиардерами
B13: ИТОГОВЫЙ ПРОГРЕСС: среднее по всем генеральным целям
B14: ОБЩИЙ ПРОГРЕСС ПО ВСЕМ ЦЕЛЯМ: | F14: =AVERAGE(F6:F11) -> 7.6388889

Sheet Подзадачи
B2: ПОДЗАДАЧИ: ШАГИ К ГЕНЕРАЛЬНЫМ ЦЕЛЯМ
B3: Заполняйте столбец 'Прогресс %' от 0 до 100. Статус выбирайте из списка.
B5: ID цели | C5: Подзадача | D5: Категория | E5: Дедлайн | F5: Прогресс % | G5: Статус | H5: Описание / Действия
B6: 1 | C6: Открыть ИП | D6: Финансы | E6: Выполнено | F6: 100 | G6: Выполнено | H6: ИП открыто 28.04.2026
B7: 1 | C7: Сделать себе сайт | D7: Бизнес | E7: 10.05.2026 | F7: 10 | G7: В работе | H7: CMS + контент + SEO до 10 мая
B8: 1 | C8: Контракт Чукотка (Крылья Чукотки) | D8: Бизнес | E8: 30.06.2026 | F8: 25 | G8: В работе | H8: Подготовить КП, абонентка
B9: 1 | C9: Второй абонентский контракт | D9: Бизнес | E9: 31.08.2026 | F9: 0 | G9: Не начато | H9: Цель: 2-й клиент на ПМ
B10: 1 | C10: Третий абонентский контракт | D10: Бизнес | E10: 30.09.2026 | F10: 0 | G10: Не начато | H10: Цель: 3-й клиент
B11: 1 | C11: Достичь дохода 5 млн ₽/мес | D11: Финансы | E11: Ноябрь 2026 | F11: 5 | G11: В работе | H11: 3-5 контрактов на абонентке
B12: 2 | C12: Прочитать 20 книг | D12: Образование | E12: 31.12.2026 | F12: 0 | G12: В работе | H12: 2 книги/мес — бизнес, психология
B13: 2 | C13: Изучить новые нейронки (1/мес) | D13: Образование | E13: 31.12.2026 | F13: 0 | G13: В работе | H13: Апр-дек: 8 нейросетей
B14: 2 | C14: Выучить английский (разговорный) | D14: Образование | E14: 31.12.2026 | F14: 0 | G14: Не начато | H14: Приложение 30 мин/день
B15: 3 | C15: Написать письмо Президенту | D15: Личное | E15: 01.05.2026 | F15: 30 | G15: В работе | H15: Черновик готов, оформить и отправить
B16: 3 | C16: Выбрать тему книги | D16: Творчество | E16: 31.05.2026 | F16: 0 | G16: Не начато | H16: Определить жанр и аудиторию
B17: 3 | C17: Написать план книги | D17: Творчество | E17: 30.06.2026 | F17: 0 | G17: Не начато | H17: Структура, оглавление, главы
... B41: 6 | C41: Познакомиться с Илоном Маском | D41: Нетворкинг | E41: 31.12.2026 | F41: 0 | G41: Не начато | H41: X/Twitter, конференции ИИ
B42: → Заполняйте пустые строки ниже (41-100) для новых подзадач. ID цели выбирайте из списка.

Sheet Расписание дня
B2: РАСПОРЯДОК ДНЯ: 28 АПРЕЛЯ — 30 ИЮНЯ 2026
B3: 64 дня. Каждый час распланирован: спорт, работа, питание, развитие, сон.
B5: Дата | C5: День недели | D5: 06:00-07:00 Подъём | E5: 07:00-08:30 Спорт | F5: 08:30-09:00 Завтрак | G5: 09:00-13:00 Работа утро | H5: 13:00-14:00 Обед | I5: 14:00-18:00 Работа день | J5: 18:00-19:00 Ужин | K5: 19:00-21:30 Развитие | L5: 21:30-22:30 Обзор | M5: Приоритет дня
B6: 28.04.2026 | C6: Вторник | D6: Подъём, вода, душ, зарядка 10 мин | E6: Ходьба 30 мин + растяжка | F6: Завтрак: яйца + овсянка + кофе | G6: 🔥 Сайт Сергею / Свой сайт / Письмо Президенту | H6: Обед: курица/рыба + овощи + вода | I6: 🔥 Финальные правки сайтов / Черновик письма | J6: Ужин: творог/рыба + салат (лёгкий) | K6: 🤖 Нейросеть: тестируем новую + заметки | L6: Обзор дня, план на завтра, сон | M6: СРОЧНО: Сайты + Письмо до 1 мая
B7: 29.04.2026 | C7: Среда | D7: Подъём, вода, душ, зарядка 10 мин | E7: Ходьба 30 мин + растяжка | F7: Завтрак: яйца + овсянка + кофе | G7: 🔥 Сайт Сергею / Свой сайт / Письмо Президенту | H7: Обед: курица/рыба + овощи + вода | I7: 🔥 Финальные правки сайтов / Черновик письма | J7: Ужин: творог/рыба + салат (лёгкий) | K7: 📚 Книга 45 мин + обзор дня | L7: Обзор дня, план на завтра, сон | M7: СРОЧНО: Сайты + Письмо до 1 мая
B8: 30.04.2026 | C8: Четверг | D8: Подъём, вода, душ, зарядка 10 мин | E8: Ходьба 30 мин + растяжка | F8: Завтрак: яйца + овсянка + кофе | G8: 🔥 Сайт Сергею / Свой сайт / Письмо Президенту | H8: Обед: курица/рыба + овощи + вода | I8: 🔥 Финальные правки сайтов / Черновик письма | J8: Ужин: творог/рыба + салат (лёгкий) | K8: 🇬🇧 Английский 30 мин (приложение) + Книга | L8: Обзор дня, план на завтра, сон | M8: СРОЧНО: Сайты + Письмо до 1 мая
B9: 01.05.2026 | C9: Пятница | D9: Подъём, вода, душ, зарядка 10 мин | E9: Ходьба 20 мин + лёгкий бег 10 мин | F9: Завтрак: яйца + овсянка + кофе | G9: Свой сайт: SEO + контент / КП Чукотка | H9: Обед: курица/рыба + овощи + вода | I9: Звонки клиентам / Портфолио / Дизайн | J9: Ужин: творог/рыба + салат (лёгкий) | K9: 🤖 Нейросеть + Планирование недели | L9: Обзор дня, план на завтра, сон | M9: Сайт до 10 мая + КП Чукотка
B10: 02.05.2026 | C10: Суббота | D10: Подъём, вода, душ, зарядка 10 мин | E10: Ходьба 20 мин + лёгкий бег 10 мин | F10: Завтрак: яйца + овсянка + кофе | G10: Глубокая работа: проекты без звонков | H10: Обед: курица/рыба + овощи + вода | I10: Спорт дополнительно / Хобби / Свобода | J10: Ужин: творог/рыба + салат (лёгкий) | K10: 📚 Книга 1 час / Нетворкинг исследование | L10: Обзор дня, план на завтра, сон | M10: Глубокая работа + Восстановление
B11: 03.05.2026 | C11: Воскресенье | D11: Подъём, вода, душ, зарядка 10 мин | E11: Прогулка 40 мин / Йога / Отдых | F11: Завтрак: яйца + овсянка + кофе | G11: Планирование недели / Стратегия / Анализ | H11: Обед: курица/рыба + овощи + вода | I11: Личное: семья / отдых / прогулка | J11: Ужин: творог/рыба + салат (лёгкий) | K11: 🇬🇧 Английский + Обзор недели + Отдых | L11: Обзор дня, план на завтра, сон | M11: Восстановление + План недели
B12: ЛЕГЕНДА: Красный фон (апрель) = СРОЧНЫЕ задачи до 1 мая | Синий фон = Суббота | Жёлтый фон = Воскресенье

Sheet По месяцам
B2: ПОМЕСЯЧНЫЙ ПЛАН ДЕЙСТВИЙ
B3: Апрель — Декабрь 2026 | Отслеживание ключевых KPI
B5: Месяц | C5: Книги план | D5: Книги факт | E5: Нейросеть | F5: Вес кг | G5: Доход тыс ₽ | H5: Английский | I5: Знакомства | J5: Контракты
B6: Апрель 2026 | D6: 0 | E6: GPT-4o / Claude 3.7 | F6: 90 | G6: 0 | H6: Старт | I6: 0 | J6: Подготовка ИП
B7: Май 2026 | E7: Midjourney v7 / Sora | H7: A1 → A2 | I7: 1 | J7: Письмо + сайты
B8: Июнь 2026 | E8: Gemini 2.5 / Grok | H8: A2 | I8: 1 | J8: Контракт Чукотка
B9: Июль 2026 | E9: Perplexity / Copilot | H9: A2 → B1 | I9: 1 | J9: Первый абонент
B10: Август 2026 | E10: Runway / ElevenLabs | H10: B1 | I10: 1 | J10: 2-й контракт
B11: Сентябрь 2026 | E11: Anthropic новая / xAI | H11: B1 → B2 | I11: 2 | J11: 3-й контракт
B12: Октябрь 2026 | E12: OpenAI новая / Meta AI | H12: B2 | I12: 2 | J12: 4-й контракт
B13: Ноябрь 2026 | E13: Новая нейронка | G13: 5000 | H13: B2 | I13: 2 | J13: Цель: 5 млн ₽/мес
B14: Декабрь 2026 | E14: Итоговая | H14: Разговорный | I14: 0 | J14: Закрепление
B16: ИТОГО: 20 книг | 8 нейросетей | Целевой вес | 5 000 тыс ₽/мес | 10 знакомств

Sheet Миллиардеры
B2: 10 МИЛЛИАРДЕРОВ ДЛЯ ЗНАКОМСТВА
B3: Цель: установить личный контакт до 31 декабря 2026
B5: № | C5: Имя | D5: Компания / Статус | E5: Страна | F5: Сфера | G5: Стратегия знакомства | H5: Статус контакта
B6: 1 | C6: Павел Дуров | D6: Telegram / TON | E6: ОАЭ | F6: Технологии | G6: TON конференции, крипто-инвестиции | H6: Не начато
B7: 2 | C7: Алишер Усманов | D7: USM Holdings / VK | E7: Россия / ОАЭ | F7: Телеком | G7: Форумы РСПП, стартапы | H7: Не начато
B8: 3 | C8: Роман Абрамович | D8: Evraz / Millhouse | E8: Португалия | F8: Инвестиции | G8: Davos, филантропия | H8: Не начато
B9: 4 | C9: Владимир Потанин | D9: Interros / Норникель | E9: Россия | F9: Металлургия | G9: Норникель проекты, КЭФ | H9: Не начато
B10: 5 | C10: Виктор Вексельберг | D10: Ренова / Роснано | E10: Россия | F10: Энергетика | G10: Сколково, Роснано | H10: Не начато
B11: 6 | C11: Михаил Фридман | D11: Alpha Group / Л1 | E11: Россия / UK | F11: Инвестиции | G11: Альфа-конференции | H11: Не начато
B12: 7 | C12: Геннадий Тимченко | D12: Волгагрупп / Новатэк | E12: Россия / ОАЭ | F12: Энергетика | G12: Новатэк проекты, ЛНГ | H12: Не начато
B13: 8 | C13: Леонид Михельсон | D13: Новатэк / СИБУР | E13: Россия | F13: Нефтехимия | G13: СИБУР тендеры | H13: Не начато
B14: 9 | C14: Олег Дерипаска | D14: RUSAL / Базовый Элемент | E14: Россия | F14: Металлургия | G14: РУСАЛ заводы, выставки | H14: Не начато
B15: 10 | C15: Илон Маск | D15: Tesla / SpaceX / X | E15: США | F15: Технологии | G15: X/Twitter, конференции ИИ | H15: Не начато
B17: СОВЕТ: Начни с российских миллиардеров — точки входа через отраслевые конференции более реалистичны
